STATE,Crime,value
A & N Islands,ARSON,98
A & N Islands,ASSAULT ON WOMEN WITH INTENT TO OUTRAGE HER MODESTY,214
A & N Islands,ATTEMPT TO MURDER,65
A & N Islands,CAUSING DEATH BY NEGLIGENCE,42
A & N Islands,CRUELTY BY HUSBAND OR HIS RELATIVES,121
A & N Islands,CULPABLE HOMICIDE NOT AMOUNTING TO MURDER,21
A & N Islands,CUSTODIAL RAPE,0
A & N Islands,DOWRY DEATHS,6
A & N Islands,HURT/GREVIOUS HURT,1105
A & N Islands,IMPORTATION OF GIRLS FROM FOREIGN COUNTRIES,0
A & N Islands,INSULT TO MODESTY OF WOMEN,43
A & N Islands,KIDNAPPING & ABDUCTION,94
A & N Islands,MURDER,160
A & N Islands,OTHER IPC CRIMES,4443
A & N Islands,OTHER RAPE,109
A & N Islands,RAPE,109
A & N Islands,TOTAL IPC CRIMES,9102
Andhra Pradesh,ARSON,11968
Andhra Pradesh,ASSAULT ON WOMEN WITH INTENT TO OUTRAGE HER MODESTY,51999
Andhra Pradesh,ATTEMPT TO MURDER,22420
Andhra Pradesh,CAUSING DEATH BY NEGLIGENCE,138435
Andhra Pradesh,CRUELTY BY HUSBAND OR HIS RELATIVES,119007
Andhra Pradesh,CULPABLE HOMICIDE NOT AMOUNTING TO MURDER,1763
Andhra Pradesh,CUSTODIAL RAPE,2
Andhra Pradesh,DOWRY DEATHS,6215
Andhra Pradesh,HURT/GREVIOUS HURT,546565
Andhra Pradesh,IMPORTATION OF GIRLS FROM FOREIGN COUNTRIES,17
Andhra Pradesh,INSULT TO MODESTY OF WOMEN,36131
Andhra Pradesh,KIDNAPPING & ABDUCTION,21239
Andhra Pradesh,MURDER,31756
Andhra Pradesh,OTHER IPC CRIMES,482252
Andhra Pradesh,OTHER RAPE,13477
Andhra Pradesh,RAPE,13479
Andhra Pradesh,TOTAL IPC CRIMES,2018981
Arunachal Pradesh,ARSON,250
Arunachal Pradesh,ASSAULT ON WOMEN WITH INTENT TO OUTRAGE HER MODESTY,784
Arunachal Pradesh,ATTEMPT TO MURDER,417
Arunachal Pradesh,CAUSING DEATH BY NEGLIGENCE,745
Arunachal Pradesh,CRUELTY BY HUSBAND OR HIS RELATIVES,167
Arunachal Pradesh,CULPABLE HOMICIDE NOT AMOUNTING TO MURDER,36
Arunachal Pradesh,CUSTODIAL RAPE,0
Arunachal Pradesh,DOWRY DEATHS,2
Arunachal Pradesh,HURT/GREVIOUS HURT,5157
Arunachal Pradesh,IMPORTATION OF GIRLS FROM FOREIGN COUNTRIES,0
Arunachal Pradesh,INSULT TO MODESTY OF WOMEN,18
Arunachal Pradesh,KIDNAPPING & ABDUCTION,857
Arunachal Pradesh,MURDER,841
Arunachal Pradesh,OTHER IPC CRIMES,7396
Arunachal Pradesh,OTHER RAPE,500
Arunachal Pradesh,RAPE,500
Arunachal Pradesh,TOTAL IPC CRIMES,27652
Assam,ARSON,7918
Assam,ASSAULT ON WOMEN WITH INTENT TO OUTRAGE HER MODESTY,13620
Assam,ATTEMPT TO MURDER,5662
Assam,CAUSING DEATH BY NEGLIGENCE,30205
Assam,CRUELTY BY HUSBAND OR HIS RELATIVES,39388
Assam,CULPABLE HOMICIDE NOT AMOUNTING TO MURDER,718
Assam,CUSTODIAL RAPE,5
Assam,DOWRY DEATHS,1276
Assam,HURT/GREVIOUS HURT,69183
Assam,IMPORTATION OF GIRLS FROM FOREIGN COUNTRIES,8
Assam,INSULT TO MODESTY OF WOMEN,112
Assam,KIDNAPPING & ABDUCTION,27939
Assam,MURDER,15432
Assam,OTHER IPC CRIMES,181354
Assam,OTHER RAPE,16173
Assam,RAPE,16178
Assam,TOTAL IPC CRIMES,597764
Bihar,ARSON,8509
Bihar,ASSAULT ON WOMEN WITH INTENT TO OUTRAGE HER MODESTY,7576
Bihar,ATTEMPT TO MURDER,40919
Bihar,CAUSING DEATH BY NEGLIGENCE,44442
Bihar,CRUELTY BY HUSBAND OR HIS RELATIVES,25680
Bihar,CULPABLE HOMICIDE NOT AMOUNTING TO MURDER,3672
Bihar,CUSTODIAL RAPE,2
Bihar,DOWRY DEATHS,13548
Bihar,HURT/GREVIOUS HURT,189266
Bihar,IMPORTATION OF GIRLS FROM FOREIGN COUNTRIES,440
Bihar,INSULT TO MODESTY OF WOMEN,226
Bihar,KIDNAPPING & ABDUCTION,37220
Bihar,MURDER,41245
Bihar,OTHER IPC CRIMES,538591
Bihar,OTHER RAPE,13122
Bihar,RAPE,13124
Bihar,TOTAL IPC CRIMES,1346293
Chandigarh,ARSON,62
Chandigarh,ASSAULT ON WOMEN WITH INTENT TO OUTRAGE HER MODESTY,314
Chandigarh,ATTEMPT TO MURDER,301
Chandigarh,CAUSING DEATH BY NEGLIGENCE,98
Chandigarh,CRUELTY BY HUSBAND OR HIS RELATIVES,807
Chandigarh,CULPABLE HOMICIDE NOT AMOUNTING TO MURDER,79
Chandigarh,CUSTODIAL RAPE,0
Chandigarh,DOWRY DEATHS,42
Chandigarh,HURT/GREVIOUS HURT,816
Chandigarh,IMPORTATION OF GIRLS FROM FOREIGN COUNTRIES,0
Chandigarh,INSULT TO MODESTY OF WOMEN,143
Chandigarh,KIDNAPPING & ABDUCTION,640
Chandigarh,MURDER,243
Chandigarh,OTHER IPC CRIMES,11605
Chandigarh,OTHER RAPE,281
Chandigarh,RAPE,281
Chandigarh,TOTAL IPC CRIMES,40807
Chhattisgarh,ARSON,3147
Chhattisgarh,ASSAULT ON WOMEN WITH INTENT TO OUTRAGE HER MODESTY,19165
Chhattisgarh,ATTEMPT TO MURDER,7910
Chhattisgarh,CAUSING DEATH BY NEGLIGENCE,25432
Chhattisgarh,CRUELTY BY HUSBAND OR HIS RELATIVES,9573
Chhattisgarh,CULPABLE HOMICIDE NOT AMOUNTING TO MURDER,348
Chhattisgarh,CUSTODIAL RAPE,0
Chhattisgarh,DOWRY DEATHS,1142
Chhattisgarh,HURT/GREVIOUS HURT,85026
Chhattisgarh,IMPORTATION OF GIRLS FROM FOREIGN COUNTRIES,5
Chhattisgarh,INSULT TO MODESTY OF WOMEN,1725
Chhattisgarh,KIDNAPPING & ABDUCTION,3345
Chhattisgarh,MURDER,12060
Chhattisgarh,OTHER IPC CRIMES,245855
Chhattisgarh,OTHER RAPE,11838
Chhattisgarh,RAPE,11838
Chhattisgarh,TOTAL IPC CRIMES,561027
D & N Haveli,ARSON,55
D & N Haveli,ASSAULT ON WOMEN WITH INTENT TO OUTRAGE HER MODESTY,50
D & N Haveli,ATTEMPT TO MURDER,31
D & N Haveli,CAUSING DEATH BY NEGLIGENCE,148
D & N Haveli,CRUELTY BY HUSBAND OR HIS RELATIVES,38
D & N Haveli,CULPABLE HOMICIDE NOT AMOUNTING TO MURDER,3
D & N Haveli,CUSTODIAL RAPE,0
D & N Haveli,DOWRY DEATHS,1
D & N Haveli,HURT/GREVIOUS HURT,318
D & N Haveli,IMPORTATION OF GIRLS FROM FOREIGN COUNTRIES,0
D & N Haveli,INSULT TO MODESTY OF WOMEN,4
D & N Haveli,KIDNAPPING & ABDUCTION,141
D & N Haveli,MURDER,108
D & N Haveli,OTHER IPC CRIMES,1859
D & N Haveli,OTHER RAPE,56
D & N Haveli,RAPE,56
D & N Haveli,TOTAL IPC CRIMES,4651
Daman & Diu,ARSON,34
Daman & Diu,ASSAULT ON WOMEN WITH INTENT TO OUTRAGE HER MODESTY,15
Daman & Diu,ATTEMPT TO MURDER,38
Daman & Diu,CAUSING DEATH BY NEGLIGENCE,311
Daman & Diu,CRUELTY BY HUSBAND OR HIS RELATIVES,35
Daman & Diu,CULPABLE HOMICIDE NOT AMOUNTING TO MURDER,2
Daman & Diu,CUSTODIAL RAPE,0
Daman & Diu,DOWRY DEATHS,3
Daman & Diu,HURT/GREVIOUS HURT,190
Daman & Diu,IMPORTATION OF GIRLS FROM FOREIGN COUNTRIES,0
Daman & Diu,INSULT TO MODESTY OF WOMEN,2
Daman & Diu,KIDNAPPING & ABDUCTION,31
Daman & Diu,MURDER,68
Daman & Diu,OTHER IPC CRIMES,661
Daman & Diu,OTHER RAPE,20
Daman & Diu,RAPE,20
Daman & Diu,TOTAL IPC CRIMES,2948
Goa,ARSON,272
Goa,ASSAULT ON WOMEN WITH INTENT TO OUTRAGE HER MODESTY,328
Goa,ATTEMPT TO MURDER,269
Goa,CAUSING DEATH BY NEGLIGENCE,2664
Goa,CRUELTY BY HUSBAND OR HIS RELATIVES,191
Goa,CULPABLE HOMICIDE NOT AMOUNTING TO MURDER,67
Goa,CUSTODIAL RAPE,0
Goa,DOWRY DEATHS,19
Goa,HURT/GREVIOUS HURT,2287
Goa,IMPORTATION OF GIRLS FROM FOREIGN COUNTRIES,0
Goa,INSULT TO MODESTY OF WOMEN,123
Goa,KIDNAPPING & ABDUCTION,236
Goa,MURDER,487
Goa,OTHER IPC CRIMES,9948
Goa,OTHER RAPE,350
Goa,RAPE,350
Goa,TOTAL IPC CRIMES,32051
Gujarat,ARSON,5647
Gujarat,ASSAULT ON WOMEN WITH INTENT TO OUTRAGE HER MODESTY,8998
Gujarat,ATTEMPT TO MURDER,6112
Gujarat,CAUSING DEATH BY NEGLIGENCE,54385
Gujarat,CRUELTY BY HUSBAND OR HIS RELATIVES,59431
Gujarat,CULPABLE HOMICIDE NOT AMOUNTING TO MURDER,430
Gujarat,CUSTODIAL RAPE,0
Gujarat,DOWRY DEATHS,502
Gujarat,HURT/GREVIOUS HURT,135218
Gujarat,IMPORTATION OF GIRLS FROM FOREIGN COUNTRIES,0
Gujarat,INSULT TO MODESTY OF WOMEN,1365
Gujarat,KIDNAPPING & ABDUCTION,15246
Gujarat,MURDER,13775
Gujarat,OTHER IPC CRIMES,729684
Gujarat,OTHER RAPE,4249
Gujarat,RAPE,4249
Gujarat,TOTAL IPC CRIMES,1385775
Haryana,ARSON,1906
Haryana,ASSAULT ON WOMEN WITH INTENT TO OUTRAGE HER MODESTY,5323
Haryana,ATTEMPT TO MURDER,7434
Haryana,CAUSING DEATH BY NEGLIGENCE,15197
Haryana,CRUELTY BY HUSBAND OR HIS RELATIVES,27112
Haryana,CULPABLE HOMICIDE NOT AMOUNTING TO MURDER,857
Haryana,CUSTODIAL RAPE,1
Haryana,DOWRY DEATHS,3130
Haryana,HURT/GREVIOUS HURT,51254
Haryana,IMPORTATION OF GIRLS FROM FOREIGN COUNTRIES,0
Haryana,INSULT TO MODESTY OF WOMEN,8188
Haryana,KIDNAPPING & ABDUCTION,8656
Haryana,MURDER,10471
Haryana,OTHER IPC CRIMES,224844
Haryana,OTHER RAPE,6409
Haryana,RAPE,6410
Haryana,TOTAL IPC CRIMES,595303
Himachal Pradesh,ARSON,1484
Himachal Pradesh,ASSAULT ON WOMEN WITH INTENT TO OUTRAGE HER MODESTY,3597
Himachal Pradesh,ATTEMPT TO MURDER,835
Himachal Pradesh,CAUSING DEATH BY NEGLIGENCE,6309
Himachal Pradesh,CRUELTY BY HUSBAND OR HIS RELATIVES,3245
Himachal Pradesh,CULPABLE HOMICIDE NOT AMOUNTING TO MURDER,130
Himachal Pradesh,CUSTODIAL RAPE,0
Himachal Pradesh,DOWRY DEATHS,55
Himachal Pradesh,HURT/GREVIOUS HURT,15909
Himachal Pradesh,IMPORTATION OF GIRLS FROM FOREIGN COUNTRIES,0
Himachal Pradesh,INSULT TO MODESTY OF WOMEN,439
Himachal Pradesh,KIDNAPPING & ABDUCTION,1798
Himachal Pradesh,MURDER,1454
Himachal Pradesh,OTHER IPC CRIMES,87178
Himachal Pradesh,OTHER RAPE,1804
Himachal Pradesh,RAPE,1804
Himachal Pradesh,TOTAL IPC CRIMES,154948
Jammu & Kashmir,ARSON,3166
Jammu & Kashmir,ASSAULT ON WOMEN WITH INTENT TO OUTRAGE HER MODESTY,11509
Jammu & Kashmir,ATTEMPT TO MURDER,10303
Jammu & Kashmir,CAUSING DEATH BY NEGLIGENCE,4524
Jammu & Kashmir,CRUELTY BY HUSBAND OR HIS RELATIVES,1800
Jammu & Kashmir,CULPABLE HOMICIDE NOT AMOUNTING TO MURDER,347
Jammu & Kashmir,CUSTODIAL RAPE,0
Jammu & Kashmir,DOWRY DEATHS,135
Jammu & Kashmir,HURT/GREVIOUS HURT,3883
Jammu & Kashmir,IMPORTATION OF GIRLS FROM FOREIGN COUNTRIES,0
Jammu & Kashmir,INSULT TO MODESTY OF WOMEN,3993
Jammu & Kashmir,KIDNAPPING & ABDUCTION,9665
Jammu & Kashmir,MURDER,6304
Jammu & Kashmir,OTHER IPC CRIMES,132921
Jammu & Kashmir,OTHER RAPE,2810
Jammu & Kashmir,RAPE,2810
Jammu & Kashmir,TOTAL IPC CRIMES,259155
Jharkhand,ARSON,2012
Jharkhand,ASSAULT ON WOMEN WITH INTENT TO OUTRAGE HER MODESTY,3985
Jharkhand,ATTEMPT TO MURDER,12270
Jharkhand,CAUSING DEATH BY NEGLIGENCE,13612
Jharkhand,CRUELTY BY HUSBAND OR HIS RELATIVES,8409
Jharkhand,CULPABLE HOMICIDE NOT AMOUNTING TO MURDER,1231
Jharkhand,CUSTODIAL RAPE,5
Jharkhand,DOWRY DEATHS,3291
Jharkhand,HURT/GREVIOUS HURT,40237
Jharkhand,IMPORTATION OF GIRLS FROM FOREIGN COUNTRIES,145
Jharkhand,INSULT TO MODESTY OF WOMEN,247
Jharkhand,KIDNAPPING & ABDUCTION,8476
Jharkhand,MURDER,19060
Jharkhand,OTHER IPC CRIMES,154239
Jharkhand,OTHER RAPE,9154
Jharkhand,RAPE,9159
Jharkhand,TOTAL IPC CRIMES,422351
Karnataka,ARSON,3711
Karnataka,ASSAULT ON WOMEN WITH INTENT TO OUTRAGE HER MODESTY,23699
Karnataka,ATTEMPT TO MURDER,18512
Karnataka,CAUSING DEATH BY NEGLIGENCE,5078
Karnataka,CRUELTY BY HUSBAND OR HIS RELATIVES,30052
Karnataka,CULPABLE HOMICIDE NOT AMOUNTING TO MURDER,857
Karnataka,CUSTODIAL RAPE,2
Karnataka,DOWRY DEATHS,2918
Karnataka,HURT/GREVIOUS HURT,251332
Karnataka,IMPORTATION OF GIRLS FROM FOREIGN COUNTRIES,47
Karnataka,INSULT TO MODESTY OF WOMEN,831
Karnataka,KIDNAPPING & ABDUCTION,10029
Karnataka,MURDER,19937
Karnataka,OTHER IPC CRIMES,681336
Karnataka,OTHER RAPE,5172
Karnataka,RAPE,5174
Karnataka,TOTAL IPC CRIMES,1481063
Kerala,ARSON,5580
Kerala,ASSAULT ON WOMEN WITH INTENT TO OUTRAGE HER MODESTY,31490
Kerala,ATTEMPT TO MURDER,5327
Kerala,CAUSING DEATH BY NEGLIGENCE,489
Kerala,CRUELTY BY HUSBAND OR HIS RELATIVES,46074
Kerala,CULPABLE HOMICIDE NOT AMOUNTING TO MURDER,1897
Kerala,CUSTODIAL RAPE,0
Kerala,DOWRY DEATHS,301
Kerala,HURT/GREVIOUS HURT,232451
Kerala,IMPORTATION OF GIRLS FROM FOREIGN COUNTRIES,0
Kerala,INSULT TO MODESTY OF WOMEN,3304
Kerala,KIDNAPPING & ABDUCTION,2891
Kerala,MURDER,4733
Kerala,OTHER IPC CRIMES,829883
Kerala,OTHER RAPE,7447
Kerala,RAPE,7447
Kerala,TOTAL IPC CRIMES,1437459
Lakshadweep,ARSON,22
Lakshadweep,ASSAULT ON WOMEN WITH INTENT TO OUTRAGE HER MODESTY,5
Lakshadweep,ATTEMPT TO MURDER,6
Lakshadweep,CAUSING DEATH BY NEGLIGENCE,0
Lakshadweep,CRUELTY BY HUSBAND OR HIS RELATIVES,7
Lakshadweep,CULPABLE HOMICIDE NOT AMOUNTING TO MURDER,0
Lakshadweep,CUSTODIAL RAPE,0
Lakshadweep,DOWRY DEATHS,0
Lakshadweep,HURT/GREVIOUS HURT,57
Lakshadweep,IMPORTATION OF GIRLS FROM FOREIGN COUNTRIES,0
Lakshadweep,INSULT TO MODESTY OF WOMEN,0
Lakshadweep,KIDNAPPING & ABDUCTION,1
Lakshadweep,MURDER,3
Lakshadweep,OTHER IPC CRIMES,327
Lakshadweep,OTHER RAPE,7
Lakshadweep,RAPE,7
Lakshadweep,TOTAL IPC CRIMES,743
Madhya Pradesh,ARSON,10354
Madhya Pradesh,ASSAULT ON WOMEN WITH INTENT TO OUTRAGE HER MODESTY,79878
Madhya Pradesh,ATTEMPT TO MURDER,29458
Madhya Pradesh,CAUSING DEATH BY NEGLIGENCE,64969
Madhya Pradesh,CRUELTY BY HUSBAND OR HIS RELATIVES,39969
Madhya Pradesh,CULPABLE HOMICIDE NOT AMOUNTING TO MURDER,1834
Madhya Pradesh,CUSTODIAL RAPE,1
Madhya Pradesh,DOWRY DEATHS,9036
Madhya Pradesh,HURT/GREVIOUS HURT,412577
Madhya Pradesh,IMPORTATION OF GIRLS FROM FOREIGN COUNTRIES,60
Madhya Pradesh,INSULT TO MODESTY OF WOMEN,9317
Madhya Pradesh,KIDNAPPING & ABDUCTION,11958
Madhya Pradesh,MURDER,28399
Madhya Pradesh,OTHER IPC CRIMES,1196582
Madhya Pradesh,OTHER RAPE,36086
Madhya Pradesh,RAPE,36087
Madhya Pradesh,TOTAL IPC CRIMES,2413770
Maharashtra,ARSON,14515
Maharashtra,ASSAULT ON WOMEN WITH INTENT TO OUTRAGE HER MODESTY,39219
Maharashtra,ATTEMPT TO MURDER,20589
Maharashtra,CAUSING DEATH BY NEGLIGENCE,134613
Maharashtra,CRUELTY BY HUSBAND OR HIS RELATIVES,80363
Maharashtra,CULPABLE HOMICIDE NOT AMOUNTING TO MURDER,1409
Maharashtra,CUSTODIAL RAPE,2
Maharashtra,DOWRY DEATHS,4249
Maharashtra,HURT/GREVIOUS HURT,353760
Maharashtra,IMPORTATION OF GIRLS FROM FOREIGN COUNTRIES,2
Maharashtra,INSULT TO MODESTY OF WOMEN,12110
Maharashtra,KIDNAPPING & ABDUCTION,15101
Maharashtra,MURDER,32767
Maharashtra,OTHER IPC CRIMES,560060
Maharashtra,OTHER RAPE,17984
Maharashtra,RAPE,17986
Maharashtra,TOTAL IPC CRIMES,2273436
Manipur,ARSON,952
Manipur,ASSAULT ON WOMEN WITH INTENT TO OUTRAGE HER MODESTY,504
Manipur,ATTEMPT TO MURDER,3536
Manipur,CAUSING DEATH BY NEGLIGENCE,87
Manipur,CRUELTY BY HUSBAND OR HIS RELATIVES,219
Manipur,CULPABLE HOMICIDE NOT AMOUNTING TO MURDER,42
Manipur,CUSTODIAL RAPE,0
Manipur,DOWRY DEATHS,2
Manipur,HURT/GREVIOUS HURT,3433
Manipur,IMPORTATION OF GIRLS FROM FOREIGN COUNTRIES,0
Manipur,INSULT TO MODESTY OF WOMEN,3
Manipur,KIDNAPPING & ABDUCTION,1811
Manipur,MURDER,1955
Manipur,OTHER IPC CRIMES,12737
Manipur,OTHER RAPE,387
Manipur,RAPE,387
Manipur,TOTAL IPC CRIMES,35072
Meghalaya,ARSON,443
Meghalaya,ASSAULT ON WOMEN WITH INTENT TO OUTRAGE HER MODESTY,532
Meghalaya,ATTEMPT TO MURDER,601
Meghalaya,CAUSING DEATH BY NEGLIGENCE,682
Meghalaya,CRUELTY BY HUSBAND OR HIS RELATIVES,165
Meghalaya,CULPABLE HOMICIDE NOT AMOUNTING TO MURDER,84
Meghalaya,CUSTODIAL RAPE,0
Meghalaya,DOWRY DEATHS,15
Meghalaya,HURT/GREVIOUS HURT,1736
Meghalaya,IMPORTATION OF GIRLS FROM FOREIGN COUNTRIES,4
Meghalaya,INSULT TO MODESTY OF WOMEN,8
Meghalaya,KIDNAPPING & ABDUCTION,729
Meghalaya,MURDER,1730
Meghalaya,OTHER IPC CRIMES,6264
Meghalaya,OTHER RAPE,1020
Meghalaya,RAPE,1020
Meghalaya,TOTAL IPC CRIMES,25249
Mizoram,ARSON,267
Mizoram,ASSAULT ON WOMEN WITH INTENT TO OUTRAGE HER MODESTY,816
Mizoram,ATTEMPT TO MURDER,258
Mizoram,CAUSING DEATH BY NEGLIGENCE,315
Mizoram,CRUELTY BY HUSBAND OR HIS RELATIVES,54
Mizoram,CULPABLE HOMICIDE NOT AMOUNTING TO MURDER,67
Mizoram,CUSTODIAL RAPE,1
Mizoram,DOWRY DEATHS,4
Mizoram,HURT/GREVIOUS HURT,1216
Mizoram,IMPORTATION OF GIRLS FROM FOREIGN COUNTRIES,3
Mizoram,INSULT TO MODESTY OF WOMEN,6
Mizoram,KIDNAPPING & ABDUCTION,96
Mizoram,MURDER,403
Mizoram,OTHER IPC CRIMES,5912
Mizoram,OTHER RAPE,825
Mizoram,RAPE,826
Mizoram,TOTAL IPC CRIMES,26146
Nagaland,ARSON,70
Nagaland,ASSAULT ON WOMEN WITH INTENT TO OUTRAGE HER MODESTY,96
Nagaland,ATTEMPT TO MURDER,464
Nagaland,CAUSING DEATH BY NEGLIGENCE,372
Nagaland,CRUELTY BY HUSBAND OR HIS RELATIVES,9
Nagaland,CULPABLE HOMICIDE NOT AMOUNTING TO MURDER,101
Nagaland,CUSTODIAL RAPE,0
Nagaland,DOWRY DEATHS,0
Nagaland,HURT/GREVIOUS HURT,532
Nagaland,IMPORTATION OF GIRLS FROM FOREIGN COUNTRIES,1
Nagaland,INSULT TO MODESTY OF WOMEN,10
Nagaland,KIDNAPPING & ABDUCTION,392
Nagaland,MURDER,1038
Nagaland,OTHER IPC CRIMES,3050
Nagaland,OTHER RAPE,220
Nagaland,RAPE,220
Nagaland,TOTAL IPC CRIMES,13133
Odisha,ARSON,5280
Odisha,ASSAULT ON WOMEN WITH INTENT TO OUTRAGE HER MODESTY,29946
Odisha,ATTEMPT TO MURDER,15652
Odisha,CAUSING DEATH BY NEGLIGENCE,36507
Odisha,CRUELTY BY HUSBAND OR HIS RELATIVES,18697
Odisha,CULPABLE HOMICIDE NOT AMOUNTING TO MURDER,698
Odisha,CUSTODIAL RAPE,0
Odisha,DOWRY DEATHS,4555
Odisha,HURT/GREVIOUS HURT,75761
Odisha,IMPORTATION OF GIRLS FROM FOREIGN COUNTRIES,18
Odisha,INSULT TO MODESTY OF WOMEN,2939
Odisha,KIDNAPPING & ABDUCTION,9729
Odisha,MURDER,14453
Odisha,OTHER IPC CRIMES,246206
Odisha,OTHER RAPE,11430
Odisha,RAPE,11430
Odisha,TOTAL IPC CRIMES,647946
Puducherry,ARSON,190
Puducherry,ASSAULT ON WOMEN WITH INTENT TO OUTRAGE HER MODESTY,613
Puducherry,ATTEMPT TO MURDER,343
Puducherry,CAUSING DEATH BY NEGLIGENCE,2602
Puducherry,CRUELTY BY HUSBAND OR HIS RELATIVES,105
Puducherry,CULPABLE HOMICIDE NOT AMOUNTING TO MURDER,78
Puducherry,CUSTODIAL RAPE,0
Puducherry,DOWRY DEATHS,26
Puducherry,HURT/GREVIOUS HURT,10694
Puducherry,IMPORTATION OF GIRLS FROM FOREIGN COUNTRIES,0
Puducherry,INSULT TO MODESTY OF WOMEN,284
Puducherry,KIDNAPPING & ABDUCTION,169
Puducherry,MURDER,357
Puducherry,OTHER IPC CRIMES,27490
Puducherry,OTHER RAPE,77
Puducherry,RAPE,77
Puducherry,TOTAL IPC CRIMES,54116
Punjab,ARSON,907
Punjab,ASSAULT ON WOMEN WITH INTENT TO OUTRAGE HER MODESTY,4047
Punjab,ATTEMPT TO MURDER,10397
Punjab,CAUSING DEATH BY NEGLIGENCE,33339
Punjab,CRUELTY BY HUSBAND OR HIS RELATIVES,11998
Punjab,CULPABLE HOMICIDE NOT AMOUNTING TO MURDER,1558
Punjab,CUSTODIAL RAPE,1
Punjab,DOWRY DEATHS,1546
Punjab,HURT/GREVIOUS HURT,56920
Punjab,IMPORTATION OF GIRLS FROM FOREIGN COUNTRIES,2
Punjab,INSULT TO MODESTY OF WOMEN,762
Punjab,KIDNAPPING & ABDUCTION,7619
Punjab,MURDER,9493
Punjab,OTHER IPC CRIMES,116027
Punjab,OTHER RAPE,5458
Punjab,RAPE,5459
Punjab,TOTAL IPC CRIMES,384131
Rajasthan,ARSON,8312
Rajasthan,ASSAULT ON WOMEN WITH INTENT TO OUTRAGE HER MODESTY,30853
Rajasthan,ATTEMPT TO MURDER,21342
Rajasthan,CAUSING DEATH BY NEGLIGENCE,78350
Rajasthan,CRUELTY BY HUSBAND OR HIS RELATIVES,100101
Rajasthan,CULPABLE HOMICIDE NOT AMOUNTING TO MURDER,889
Rajasthan,CUSTODIAL RAPE,0
Rajasthan,DOWRY DEATHS,5066
Rajasthan,HURT/GREVIOUS HURT,267353
Rajasthan,IMPORTATION OF GIRLS FROM FOREIGN COUNTRIES,6
Rajasthan,INSULT TO MODESTY OF WOMEN,354
Rajasthan,KIDNAPPING & ABDUCTION,30727
Rajasthan,MURDER,15844
Rajasthan,OTHER IPC CRIMES,784991
Rajasthan,OTHER RAPE,15798
Rajasthan,RAPE,15798
Rajasthan,TOTAL IPC CRIMES,1855916
Sikkim,ARSON,80
Sikkim,ASSAULT ON WOMEN WITH INTENT TO OUTRAGE HER MODESTY,230
Sikkim,ATTEMPT TO MURDER,111
Sikkim,CAUSING DEATH BY NEGLIGENCE,422
Sikkim,CRUELTY BY HUSBAND OR HIS RELATIVES,44
Sikkim,CULPABLE HOMICIDE NOT AMOUNTING TO MURDER,38
Sikkim,CUSTODIAL RAPE,0
Sikkim,DOWRY DEATHS,2
Sikkim,HURT/GREVIOUS HURT,939
Sikkim,IMPORTATION OF GIRLS FROM FOREIGN COUNTRIES,0
Sikkim,INSULT TO MODESTY OF WOMEN,14
Sikkim,KIDNAPPING & ABDUCTION,76
Sikkim,MURDER,166
Sikkim,OTHER IPC CRIMES,2037
Sikkim,OTHER RAPE,195
Sikkim,RAPE,195
Sikkim,TOTAL IPC CRIMES,7000
Tamil Nadu,ARSON,8149
Tamil Nadu,ASSAULT ON WOMEN WITH INTENT TO OUTRAGE HER MODESTY,19329
Tamil Nadu,ATTEMPT TO MURDER,26597
Tamil Nadu,CAUSING DEATH BY NEGLIGENCE,140193
Tamil Nadu,CRUELTY BY HUSBAND OR HIS RELATIVES,18188
Tamil Nadu,CULPABLE HOMICIDE NOT AMOUNTING TO MURDER,343
Tamil Nadu,CUSTODIAL RAPE,2
Tamil Nadu,DOWRY DEATHS,2317
Tamil Nadu,HURT/GREVIOUS HURT,280673
Tamil Nadu,IMPORTATION OF GIRLS FROM FOREIGN COUNTRIES,15
Tamil Nadu,INSULT TO MODESTY OF WOMEN,10043
Tamil Nadu,KIDNAPPING & ABDUCTION,15303
Tamil Nadu,MURDER,20127
Tamil Nadu,OTHER IPC CRIMES,1186115
Tamil Nadu,OTHER RAPE,6950
Tamil Nadu,RAPE,6952
Tamil Nadu,TOTAL IPC CRIMES,2060176
Tripura,ARSON,548
Tripura,ASSAULT ON WOMEN WITH INTENT TO OUTRAGE HER MODESTY,2773
Tripura,ATTEMPT TO MURDER,681
Tripura,CAUSING DEATH BY NEGLIGENCE,1542
Tripura,CRUELTY BY HUSBAND OR HIS RELATIVES,6514
Tripura,CULPABLE HOMICIDE NOT AMOUNTING TO MURDER,19
Tripura,CUSTODIAL RAPE,0
Tripura,DOWRY DEATHS,314
Tripura,HURT/GREVIOUS HURT,9306
Tripura,IMPORTATION OF GIRLS FROM FOREIGN COUNTRIES,0
Tripura,INSULT TO MODESTY OF WOMEN,39
Tripura,KIDNAPPING & ABDUCTION,1443
Tripura,MURDER,2022
Tripura,OTHER IPC CRIMES,14044
Tripura,OTHER RAPE,2058
Tripura,RAPE,2058
Tripura,TOTAL IPC CRIMES,52734
Uttar Pradesh,ARSON,4554
Uttar Pradesh,ASSAULT ON WOMEN WITH INTENT TO OUTRAGE HER MODESTY,29698
Uttar Pradesh,ATTEMPT TO MURDER,60520
Uttar Pradesh,CAUSING DEATH BY NEGLIGENCE,113821
Uttar Pradesh,CRUELTY BY HUSBAND OR HIS RELATIVES,77617
Uttar Pradesh,CULPABLE HOMICIDE NOT AMOUNTING TO MURDER,17266
Uttar Pradesh,CUSTODIAL RAPE,2
Uttar Pradesh,DOWRY DEATHS,23824
Uttar Pradesh,HURT/GREVIOUS HURT,139750
Uttar Pradesh,IMPORTATION OF GIRLS FROM FOREIGN COUNTRIES,3
Uttar Pradesh,INSULT TO MODESTY OF WOMEN,26511
Uttar Pradesh,KIDNAPPING & ABDUCTION,59266
Uttar Pradesh,MURDER,65443
Uttar Pradesh,OTHER IPC CRIMES,626949
Uttar Pradesh,OTHER RAPE,19056
Uttar Pradesh,RAPE,19058
Uttar Pradesh,TOTAL IPC CRIMES,1858074
Uttarakhand,ARSON,314
Uttarakhand,ASSAULT ON WOMEN WITH INTENT TO OUTRAGE HER MODESTY,1545
Uttarakhand,ATTEMPT TO MURDER,2627
Uttarakhand,CAUSING DEATH BY NEGLIGENCE,6680
Uttarakhand,CRUELTY BY HUSBAND OR HIS RELATIVES,4142
Uttarakhand,CULPABLE HOMICIDE NOT AMOUNTING TO MURDER,514
Uttarakhand,CUSTODIAL RAPE,0
Uttarakhand,DOWRY DEATHS,906
Uttarakhand,HURT/GREVIOUS HURT,10610
Uttarakhand,IMPORTATION OF GIRLS FROM FOREIGN COUNTRIES,1
Uttarakhand,INSULT TO MODESTY OF WOMEN,1519
Uttarakhand,KIDNAPPING & ABDUCTION,2852
Uttarakhand,MURDER,2948
Uttarakhand,OTHER IPC CRIMES,26338
Uttarakhand,OTHER RAPE,1378
Uttarakhand,RAPE,1378
Uttarakhand,TOTAL IPC CRIMES,103204
West Bengal,ARSON,2364
West Bengal,ASSAULT ON WOMEN WITH INTENT TO OUTRAGE HER MODESTY,22871
West Bengal,ATTEMPT TO MURDER,14693
West Bengal,CAUSING DEATH BY NEGLIGENCE,37751
West Bengal,CRUELTY BY HUSBAND OR HIS RELATIVES,130668
West Bengal,CULPABLE HOMICIDE NOT AMOUNTING TO MURDER,6333
West Bengal,CUSTODIAL RAPE,0
West Bengal,DOWRY DEATHS,5172
West Bengal,HURT/GREVIOUS HURT,94152
West Bengal,IMPORTATION OF GIRLS FROM FOREIGN COUNTRIES,114
West Bengal,INSULT TO MODESTY OF WOMEN,1554
West Bengal,KIDNAPPING & ABDUCTION,25999
West Bengal,MURDER,21056
West Bengal,OTHER IPC CRIMES,426194
West Bengal,OTHER RAPE,20787
West Bengal,RAPE,20787
West Bengal,TOTAL IPC CRIMES,1119304
